{"cameraMode":{"drawMode":0,"name":"Shaded","section":"Shading Mode"},"sceneLighting":true,"audioPlay":false,"sceneViewState":{"m_AlwaysRefresh":false,"showFog":true,"showSkybox":true,"showFlares":true,"showImageEffects":true,"showParticleSystems":true,"showVisualEffectGraphs":true,"m_FxEnabled":true},"in2DMode":false,"pivot":{"x":32.653385162353519,"y":-30.32740020751953,"z":41.207977294921878},"rotation":{"x":0.27831539511680605,"y":0.3857928216457367,"z":-0.12328611314296723,"w":0.8709151148796082},"size":46.299407958984378,"orthographic":false}